{
  "properties": {
    "connectionReferences": {
      "shared_commondataservice": {
        "runtimeSource": "invoker",
        "connection": {
          "connectionReferenceLogicalName": "ya_sharedcommondataservice_2a36c"
        },
        "api": {
          "name": "shared_commondataservice"
        }
      },
      "shared_commondataserviceforapps": {
        "runtimeSource": "embedded",
        "connection": {
          "connectionReferenceLogicalName": "ya_sharedcommondataserviceforapps_2f56e"
        },
        "api": {
          "name": "shared_commondataserviceforapps"
        }
      },
      "shared_approvals": {
        "runtimeSource": "invoker",
        "connection": {
          "connectionReferenceLogicalName": "ya_sharedapprovals_86958"
        },
        "api": {
          "name": "shared_approvals"
        }
      }
    },
    "definition": {
      "$schema": "https://schema.management.azure.com/providers/Microsoft.Logic/schemas/2016-06-01/workflowdefinition.json#",
      "contentVersion": "1.0.0.0",
      "parameters": {
        "$connections": {
          "defaultValue": {},
          "type": "Object"
        },
        "$authentication": {
          "defaultValue": {},
          "type": "SecureObject"
        }
      },
      "triggers": {
        "manual": {
          "splitOn": "@triggerBody()['rows']",
          "metadata": {
            "operationMetadataId": "e5dd7170-2208-452e-9e5e-6527efe6dda8"
          },
          "type": "Request",
          "kind": "ApiConnection",
          "inputs": {
            "schema": {
              "type": "object",
              "properties": {
                "rows": {
                  "type": "array",
                  "items": {
                    "type": "object",
                    "properties": {
                      "entity": {
                        "type": "object",
                        "properties": {
                          "ya_entertainmentexpensesid": {
                            "title": "交際費",
                            "type": "string",
                            "format": "guid"
                          }
                        },
                        "required": [
                          "ya_entertainmentexpensesid"
                        ]
                      }
                    },
                    "required": [
                      "entity"
                    ]
                  }
                }
              },
              "required": [
                "rows"
              ]
            },
            "host": {
              "connection": {
                "name": "@parameters('$connections')['shared_commondataservice']['connectionId']"
              }
            },
            "operationId": "GetOnNewItems_V2",
            "parameters": {
              "dataset": "default.cds",
              "table": "ya_entertainmentexpenseses"
            }
          }
        }
      },
      "actions": {
        "ID_で行を取得する": {
          "runAfter": {},
          "metadata": {
            "operationMetadataId": "83b69912-2cb4-4a91-bc42-9a03dc7bbeff"
          },
          "type": "OpenApiConnection",
          "inputs": {
            "host": {
              "connectionName": "shared_commondataserviceforapps",
              "operationId": "GetItem",
              "apiId": "/providers/Microsoft.PowerApps/apis/shared_commondataserviceforapps"
            },
            "parameters": {
              "entityName": "ya_entertainmentexpenseses",
              "recordId": "@triggerBody()?['entity']?['ya_entertainmentexpensesid']"
            },
            "authentication": {
              "type": "Raw",
              "value": "@json(decodeBase64(triggerOutputs().headers['X-MS-APIM-Tokens']))['$ConnectionKey']"
            }
          }
        },
        "承認者1が設定済": {
          "actions": {
            "承認者1を取得する": {
              "runAfter": {},
              "metadata": {
                "operationMetadataId": "4d743e7d-07b4-44e4-97cd-01edc4f1c969"
              },
              "type": "OpenApiConnection",
              "inputs": {
                "host": {
                  "connectionName": "shared_commondataserviceforapps",
                  "operationId": "GetItem",
                  "apiId": "/providers/Microsoft.PowerApps/apis/shared_commondataserviceforapps"
                },
                "parameters": {
                  "entityName": "systemusers",
                  "recordId": "@outputs('ID_で行を取得する')?['body/_ya_approver1_value']"
                },
                "authentication": {
                  "type": "Raw",
                  "value": "@json(decodeBase64(triggerOutputs().headers['X-MS-APIM-Tokens']))['$ConnectionKey']"
                }
              }
            },
            "開始して承認者1を待機": {
              "runAfter": {
                "承認者1を取得する": [
                  "Succeeded"
                ]
              },
              "metadata": {
                "operationMetadataId": "475ada84-9b26-4b8e-a579-fb1c5ddaff29"
              },
              "type": "OpenApiConnectionWebhook",
              "inputs": {
                "host": {
                  "connectionName": "shared_approvals",
                  "operationId": "StartAndWaitForAnApproval",
                  "apiId": "/providers/Microsoft.PowerApps/apis/shared_approvals"
                },
                "parameters": {
                  "approvalType": "Basic",
                  "WebhookApprovalCreationInput/title": "[交際費申請] @{outputs('ID_で行を取得する')?['body/ya_subject']}",
                  "WebhookApprovalCreationInput/assignedTo": "@outputs('承認者1を取得する')?['body/internalemailaddress']",
                  "WebhookApprovalCreationInput/enableNotifications": true,
                  "WebhookApprovalCreationInput/enableReassignment": true
                },
                "authentication": {
                  "type": "Raw",
                  "value": "@json(decodeBase64(triggerOutputs().headers['X-MS-APIM-Tokens']))['$ConnectionKey']"
                }
              }
            },
            "承認結果1": {
              "actions": {
                "承認結果1を更新": {
                  "runAfter": {},
                  "metadata": {
                    "operationMetadataId": "83d1d6d7-795c-4f6f-8ad7-29d12b3429f9"
                  },
                  "type": "OpenApiConnection",
                  "inputs": {
                    "host": {
                      "connectionName": "shared_commondataserviceforapps",
                      "operationId": "UpdateRecord",
                      "apiId": "/providers/Microsoft.PowerApps/apis/shared_commondataserviceforapps"
                    },
                    "parameters": {
                      "entityName": "ya_entertainmentexpenseses",
                      "recordId": "@outputs('ID_で行を取得する')?['body/ya_entertainmentexpensesid']",
                      "item/ya_approvedon1": "@utcNow()"
                    },
                    "authentication": {
                      "type": "Raw",
                      "value": "@json(decodeBase64(triggerOutputs().headers['X-MS-APIM-Tokens']))['$ConnectionKey']"
                    }
                  }
                }
              },
              "runAfter": {
                "開始して承認者1を待機": [
                  "Succeeded"
                ]
              },
              "expression": {
                "equals": [
                  "",
                  "Approve"
                ]
              },
              "metadata": {
                "operationMetadataId": "b12b54cf-d090-4bde-a632-7b84ac51dfda"
              },
              "type": "If"
            }
          },
          "runAfter": {
            "ID_で行を取得する": [
              "Succeeded"
            ]
          },
          "expression": {
            "not": {
              "equals": [
                "@outputs('ID_で行を取得する')?['body/_ya_approver1_value']",
                "@null"
              ]
            }
          },
          "metadata": {
            "operationMetadataId": "2de77ae0-a2d8-412b-b8f5-9ea48d1a2af6"
          },
          "type": "If"
        },
        "承認者2以降も同様": {
          "runAfter": {
            "承認者1が設定済": [
              "Succeeded"
            ]
          },
          "metadata": {
            "operationMetadataId": "b9a12226-b1a6-42b7-bc88-71115d47e53f"
          },
          "type": "Compose",
          "inputs": 123
        }
      }
    },
    "templateName": ""
  },
  "schemaVersion": "1.0.0.0"
}